0,0805/0603/0402
1.1K,0805/0603/0402
1.2K,0805/0603/0402
1.3K,0805/0603/0402
1.5K,0805/0603/0402
1.6K,0805/0603/0402
1.8K,0805/0603/0402
10,0805/0603/0402
100,0805/0603/0402
100K,0805/0603/0402
10K,0805/0603/0402
11,0805/0603/0402
110,0805/0603/0402
110K,0805/0603/0402
11K,0805/0603/0402
12,0805/0603/0402
120,0805/0603/0402
120K,0805/0603/0402
12K,0805/0603/0402
13,0805/0603/0402
130,0805/0603/0402
130K,0805/0603/0402
13K,0805/0603/0402
15,0805/0603/0402
150,0805/0603/0402
150K,0805/0603/0402
15K,0805/0603/0402
16,0805/0603/0402
160,0805/0603/0402
160K,0805/0603/0402
16K,0805/0603/0402
18,0805/0603/0402
180,0805/0603/0402
180K,0805/0603/0402
18K,0805/0603/0402
1K,0805/0603/0402
1,0805/0603/0402
2.2,0805/0603/0402
2.2K,0805/0603/0402
2.4K,0805/0603/0402
2.7,0805/0603/0402
2.7K,0805/0603/0402
20,0805/0603/0402
200,0805/0603/0402
200K,0805/0603/0402
20K,0805/0603/0402
22,0805/0603/0402
220,1206/0805/0603/0402
220K,0805/0603/0402
22K,0805/0603/0402
24,0805/0603/0402
240,0805/0603/0402
240K,0805/0603/0402
24K,0805/0603/0402
27,0805/0603/0402
270,0805/0603/0402
270K,0805/0603/0402
27K,0805/0603/0402
2K,0805/0603/0402
3,0805/0603/0402
3.3,0805/0603/0402
3.3K,0805/0603/0402
3.6,0805/0603/0402
3.6K,0805/0603/0402
3.9,0805/0603/0402
3.9K,0805/0603/0402
30,0805/0603/0402
300,0805/0603/0402
300K,0805/0603/0402
30K,0805/0603/0402
33,0805/0603/0402
330,0805/0603/0402
330K,0805/0603/0402
33K,0805/0603/0402
36,0805/0603/0402
360,0805/0603/0402
360K,0805/0603/0402
36K,0805/0603/0402
39,0805/0603/0402
390,0805/0603/0402
390K,0805/0603/0402
39K,0805/0603/0402
3K,0805/0603/0402
4.3,0805/0603/0402
4.3K,0805/0603/0402
4.7,0805/0603/0402
4.7K,0805/0603/0402
43,0805/0603/0402
430,0805/0603/0402
430K,0805/0603/0402
43K,0805/0603/0402
47,0805/0603/0402
470,0805/0603/0402
470K,0805/0603/0402
47K,0805/0603/0402
5.1,0805/0603/0402
5.1K,0805/0603/0402
5.6,0805/0603/0402
5.6K,0805/0603/0402
51,0805/0603/0402
510,0805/0603/0402
510K,0805/0603/0402
51K,0805/0603/0402
56,0805/0603/0402
560,0805/0603/0402
560K,0805/0603/0402
56K,0805/0603/0402
6K,0603
6.2,0805/0603/0402
6.2K,0805/0603/0402
6.8,0805/0603/0402
6.8K,0805/0603/0402
62,0805/0603/0402
620,0805/0603/0402
620K,0805/0603/0402
62K,0805/0603/0402
68,0805/0603/0402
680,0805/0603/0402
680K,0805/0603/0402
68K,0805/0603/0402
7.5,0805/0603/0402
7.5K,0805/0603/0402
75,0805/0603/0402
750,0805/0603/0402
750K,0805/0603/0402
75K,0805/0603/0402
8.2,0805/0603/0402
8.2K,0805/0603/0402
82,0805/0603/0402
820,0805/0603/0402
820K,0805/0603/0402
82K,0805/0603/0402
9.1,0805/0603/0402
9.1K,0805/0603/0402
91,0805/0603/0402
910,0805/0603/0402
910K,0805/0603/0402
91K,0805/0603/0402
10M,0805/0603/0402
